source,destination,weight,alpha_out,alpha_in
AD,ES,0.24347464671654198,0.1073,0.0003
AD,US,0.5237738985868662,0.0026,0.325
AE,DE,0.04041298292847585,0.0744,0.652
AE,GB,0.03812896418739464,0.0864,0.6387
AE,IN,0.14298765821377607,0.0001,0.1064
AE,RU,0.08019533413375052,0.0052,0.3558
AE,US,0.40983785488193847,0.0,0.4153
AF,AE,0.16133464180569185,0.2447,0.0
AF,CA,0.23984298331697743,0.1115,0.0003
AF,GE,0.036702649656526004,0.7415,0.0
AF,IR,0.23061825318940138,0.1228,0.0
AF,PK,0.026692836113837094,0.8054,0.0028
AF,RO,0.11776251226692837,0.367,0.0
AL,DE,0.14063933735089154,0.0483,0.2243
AL,MD,0.010713488579718771,0.8062,0.071
AL,ME,0.007489522108970067,0.8604,0.0004
AL,NZ,0.05639461349601964,0.3132,0.0
AL,RO,0.05066587307492002,0.3535,0.0077
AL,RS,0.13605138506559533,0.0537,0.0
AL,US,0.3641098132579421,0.0001,0.4582
AL,XK,0.068546487116534,0.2417,0.0045
AM,CY,0.01192136573659236,0.6813,0.0028
AM,DE,0.09012708331710054,0.0487,0.3845
AM,GE,0.00803328632315472,0.7725,0.0775
AM,RU,0.3223599629113066,0.0,0.0146
AM,US,0.34645982188077074,0.0,0.4759
AO,AM,0.03653846153846154,0.8617,0.0
AO,BR,0.4012820512820513,0.1285,0.0
AO,PT,0.4391025641025641,0.099,-0.0
AQ,AU,1.0,,0.0
AR,BO,0.006245648161451829,0.6655,0.0208
AR,CO,0.07112258093038164,0.0083,0.0035
AR,DE,0.0481791354900032,0.0404,0.6005
AR,EC,0.006302014832171001,0.663,0.0887
AR,ES,0.041922435040175066,0.0618,0.259
AR,GB,0.038685219774754365,0.077,0.6346
AR,US,0.5323290487295395,0.0,0.3191
AR,UY,0.018869571944871186,0.2899,0.0001
AT,DE,0.24135627397619594,0.0,0.0761
AT,US,0.4389180792812879,0.0,0.3901
AU,DE,0.05215227458859286,0.0248,0.5757
AU,GB,0.052831627588637034,0.0236,0.5371
AU,KH,0.004033468036136706,0.7566,0.0446
AU,NZ,0.023290434577747585,0.1967,0.0017
AU,US,0.633628684334922,-0.0,0.2566
AW,NL,0.3168,0.3189,0.0004
AX,FI,0.6858846918489065,0.3141,-0.0
AX,NL,0.31411530815109345,0.6859,0.0004
AZ,IL,0.09721426711793804,0.3247,0.0055
AZ,RU,0.2764904972663369,0.0284,0.027
AZ,TR,0.1921895339755272,0.0956,0.0
AZ,UA,0.04410309815152304,0.6089,0.072
AZ,US,0.2835199166883624,0.0255,0.5447
AZ,ZW,0.007810466024472794,0.9174,0.0005
BA,AT,0.024552042398240617,0.5507,0.025
BA,DE,0.13768612322890003,0.0286,0.2315
BA,HR,0.035854634603598085,0.4163,0.0
BA,IE,0.028968525795868335,0.4939,0.0002
BA,RS,0.1883945632188052,0.0067,0.0
BA,US,0.3517503695424884,0.0,0.4705
BB,CA,0.11883383216938255,0.5312,0.0187
BB,GB,0.39718434763330007,0.0796,0.0087
BB,US,0.3970734951779182,0.0797,0.4269
BD,ID,0.00772268302691503,0.7391,0.0817
BD,IN,0.3189172098780381,0.0,0.0064
BD,PK,0.013319610098686202,0.5928,0.0571
BD,US,0.3267071636630273,0.0,0.4965
BE,DE,0.10184691114631292,0.003,0.3394
BE,ES,0.04825860724082731,0.0692,0.2108
BE,FR,0.07927819366722602,0.0116,0.3756
BE,GB,0.05450304024526629,0.0485,0.5266
BE,NL,0.05676690826426691,0.0426,0.2545
BE,US,0.44608433326058605,0.0,0.3842
BF,RU,1.0,,0.0
BG,DE,0.151348885511332,0.0007,0.2
BG,GB,0.10444639249593747,0.0078,0.2918
BG,NL,0.05362327066633872,0.0885,0.2746
BG,US,0.43663612149955117,0.0,0.3921
BH,IN,0.4285320468642316,0.0021,0.0011
BH,MY,0.04045485871812543,0.6349,0.0073
BH,US,0.23273604410751206,0.0542,0.6075
BJ,BE,0.04329397517408417,0.7668,0.0242
BJ,FR,0.3908567968513473,0.0511,0.0074
BJ,NG,0.2482591583409022,0.1805,0.0057
BM,SE,0.05642053337444119,0.748,0.0033
BM,US,0.7921997841837521,0.0004,0.1822
BN,AT,0.13793103448275862,0.7432,0.0
BN,MY,0.16625615763546797,0.6951,0.0
BO,AR,0.09425620950323974,0.3048,0.0111
BO,CO,0.055109341252699784,0.5065,0.0133
BO,DO,0.004285907127429806,0.9498,0.0025
BO,ES,0.13866765658747301,0.1667,0.0107
BO,MX,0.10336798056155508,0.27,0.0023
BO,US,0.34749595032397407,0.006,0.4748
BR,CA,0.034502746299660186,0.0798,0.3194
BR,DE,0.05938572240214848,0.0122,0.5331
BR,GB,0.03912480418204659,0.0565,0.6313
BR,IN,0.04398245413675976,0.0392,0.5041
BR,PH,0.007765919164624989,0.5705,0.0188
BR,US,0.5507194536562381,0.0,0.3067
BS,US,0.9146833400564743,0.0006,0.1398
BW,LS,1.0,0.0,0.0
BY,GE,0.012461338370260073,0.4832,0.0175
BY,KZ,0.01248661491867845,0.4825,0.0133
BY,LU,0.028502755143777602,0.1869,0.0
BY,LV,0.0103335125670403,0.5475,0.0028
BY,PL,0.049218035506656925,0.0535,0.0161
BY,RU,0.2524851442831341,0.0,0.0372
BY,US,0.34966887721571926,0.0,0.4726
BY,UZ,0.00786560229419145,0.6325,0.0019
BZ,US,0.8046484260076493,0.0382,0.1774
CA,DE,0.040759255206053405,0.0192,0.6496
CA,GB,0.03160234663248077,0.0473,0.6898
CA,US,0.7631898411606529,0.0,0.194
CD,BG,0.23549257759784076,0.1526,0.0
CD,FR,0.38596491228070173,0.0329,0.0079
CD,JO,0.037786774628879895,0.7637,0.0068
CF,CA,0.12384259259259259,0.8762,0.0157
CG,BG,1.0,,-0.0
CH,DE,0.1365573104703796,0.0,0.2343
CH,FR,0.08146580119903,0.0014,0.3655
CH,GB,0.05035135026646423,0.0187,0.5531
CH,US,0.5104490105287018,0.0,0.3345
CI,FR,0.2886762360446571,0.1295,0.0272
CI,GH,0.02939166097060834,0.8361,0.0057
CI,US,0.5172020961494646,0.0127,0.3297
CL,AR,0.08865327499760482,0.0294,0.0147
CL,HN,0.014795315501092655,0.5676,0.0205
CL,PE,0.03778439808203804,0.2314,0.0019
CL,US,0.5001208991245079,0.0,0.342
CM,BD,0.008001037972493729,0.8936,0.0004
CM,CD,0.020975694144105182,0.7432,0.0032
CM,FR,0.27969033820603756,0.0101,0.0305
CM,NG,0.16715682034426088,0.0772,0.0322
CM,US,0.22960816538361734,0.0259,0.6115
CM,ZM,0.004973618199117723,0.9326,0.0532
CN,HK,0.32821581683108286,0.0,0.0
CN,JP,0.06831850847859536,0.0386,0.0133
CN,TW,0.020340275550980703,0.3886,0.0127
CN,US,0.40507893864638883,0.0,0.4196
CO,AR,0.22659995012422762,0.0,0.0
CO,BO,0.00601280144824465,0.7486,0.0246
CO,EC,0.010686346045497787,0.5971,0.0133
CO,MX,0.06446905393048795,0.0408,0.0248
CO,PE,0.021368073963923193,0.3546,0.0349
CO,US,0.3983665684544976,0.0,0.4257
CR,GB,0.09599620193068524,0.0536,0.3225
CR,US,0.6305428074062351,0.0,0.2583
CU,ES,0.15073233161112953,0.2706,0.0071
CU,MX,0.08081717779779116,0.5096,0.0093
CU,PL,0.04119069061951936,0.7143,0.032
CU,US,0.533488173673982,0.0022,0.3183
CV,DE,1.0,,0.0
CW,NL,0.13444108761329304,0.7492,0.038
CW,UA,0.045921450151057405,0.9103,0.0645
CW,US,0.8196374622356496,0.0325,0.1717
CY,AM,0.010347529498525073,0.7169,0.0493
CY,BE,0.039377458210422815,0.2765,0.0342
CY,DE,0.08969395280235988,0.0494,0.3863
CY,ES,0.07409968043264503,0.0851,0.0907
CY,GB,0.07880868977384464,0.0723,0.3953
CY,GR,0.007666543756145526,0.7817,0.0228
CY,PL,0.06237708947885939,0.1273,0.0051
CY,RU,0.2136492133726647,0.0005,0.0621
CY,UA,0.05325098328416913,0.1736,0.0413
CY,US,0.16042127581120944,0.0037,0.7093
CZ,DE,0.1227298076632096,0.0007,0.2716
CZ,GB,0.04572159800789406,0.0727,0.5841
CZ,SK,0.022102519097499926,0.286,0.002
CZ,US,0.5099972764176678,-0.0,0.3348
DE,CH,0.03087301297577563,0.0349,0.1879
DE,FR,0.03286892526998841,0.028,0.6669
DE,GB,0.06327411423145282,0.0009,0.4749
DE,IN,0.029083523812916724,0.0425,0.636
DE,NL,0.02706781952812669,0.0531,0.5219
DE,RU,0.030512065710581574,0.0363,0.6758
DE,US,0.5498940688682105,0.0,0.3073
DJ,SN,0.9056486654252017,0.0944,0.0
DK,DE,0.10887668334004279,0.0028,0.3149
DK,GB,0.05298771167552777,0.0622,0.5361
DK,GR,0.005648279680845977,0.7491,0.0636
DK,IS,0.004275541036402253,0.8037,0.0002
DK,SE,0.04599291420074992,0.0906,0.0098
DK,US,0.5009724850733952,0.0,0.3414
DK,UY,0.005893521753280306,0.7397,0.0829
DM,JM,1.0,,0.0
DO,AR,0.0565977388716608,0.2775,0.0693
DO,CU,0.003532143900098733,0.9251,0.0219
DO,HT,0.00717553642697223,0.8535,0.0004
DO,US,0.6834976568257985,0.0,0.2304
DZ,DE,0.13735974094434822,0.07,0.2323
DZ,FR,0.1319878504907498,0.0782,0.195
DZ,HR,0.009614177774430806,0.8404,0.0102
DZ,HU,0.03007254562341542,0.5772,0.045
DZ,OM,0.0028114566859954314,0.9506,0.0193
DZ,US,0.5248136154830936,0.0,0.3243
EC,AR,0.059282371294851796,0.1331,0.0609
EC,CO,0.044126068840221966,0.2255,0.0324
EC,CU,0.0033669701218428483,0.8947,0.0273
EC,MG,0.0012144789589051918,0.9607,0.084
EC,MX,0.04591322893422066,0.212,0.0737
EC,RW,0.08148857599873616,0.0605,0.003
EC,US,0.4693319378344754,0.0,0.3654
EE,DE,0.09782101207242429,0.018,0.3542
EE,FI,0.05603698174000934,0.1055,0.0544
EE,GB,0.07182912876397461,0.0546,0.4292
EE,LV,0.011810761029619254,0.6292,0.0011
EE,RU,0.10684582903641224,0.0122,0.2518
EE,US,0.38145371895314173,0.0,0.4414
EG,BE,0.0754177934955967,0.0134,0.0014
EG,DE,0.06635231028823706,0.0229,0.4951
EG,GB,0.0614751635346601,0.0305,0.4851
EG,IN,0.08821857014076694,0.0062,0.2522
EG,US,0.3893950951159189,0.0,0.434
ER,ET,0.7553956834532374,0.2446,-0.0
ES,DE,0.12790028178521642,0.0,0.257
ES,FR,0.034987740144962684,0.0405,0.6497
ES,GB,0.07560657565018358,0.0008,0.4105
ES,US,0.4626957216013115,-0.0,0.3707
ET,CH,0.05193603805999736,0.3263,0.059
ET,ER,0.009867406722170829,0.812,0.004
ET,GH,0.03515263644773358,0.4717,0.0017
ET,HR,0.006431434738557773,0.8733,0.0491
ET,NG,0.16796616889123828,0.021,0.0316
ET,PK,0.020219373595876833,0.6512,0.0124
ET,US,0.3625390951940443,0.0001,0.4597
ET,UZ,0.004889652438218581,0.9022,0.0261
FI,BD,0.0036561849815170758,0.7939,0.0363
FI,CY,0.007438230984497341,0.6248,0.0291
FI,DE,0.09870767146233415,0.0014,0.3509
FI,GB,0.06271763468294676,0.0169,0.478
FI,RU,0.07713571391945205,0.0064,0.3702
FI,SE,0.026031477686083965,0.1898,0.0756
FI,US,0.46497567463838263,0.0,0.3689
FJ,IN,0.3357041251778094,0.6643,0.0049
FM,AU,0.36080178173719374,0.6392,0.0005
FO,DK,0.23923923923923923,0.7608,0.0001
FR,CA,0.026035585295546292,0.0661,0.4231
FR,CH,0.05529779527672261,0.0029,0.049
FR,DE,0.09775199148056067,0.0,0.3545
FR,GB,0.07265348289591106,0.0004,0.4251
FR,TN,0.007611630225935613,0.4552,0.0003
FR,US,0.4988495778790334,-0.0,0.3429
GA,IN,1.0,,0.0
GB,DE,0.06983812421697501,0.0004,0.4771
GB,FR,0.026965981818709538,0.0508,0.7173
GB,IN,0.029923336486129444,0.0365,0.6277
GB,US,0.6404249003667557,0.0,0.2528
GD,BR,0.09839650145772595,0.8129,0.0008
GD,TT,0.8039358600583091,0.0384,0.0056
GE,AM,0.012161650765829465,0.5766,0.0283
GE,BY,0.0726591909494692,0.0336,0.0
GE,RU,0.28898360786344535,0.0,0.0229
GE,SI,0.01581054434640588,0.4881,0.007
GE,US,0.3156810803274444,0.0,0.5084
GF,FR,0.642681929681112,0.3573,0.0003
GF,IT,0.35731807031888796,0.6427,0.0
GG,GB,1.0,,0.0
GH,CM,0.005261128874980157,0.8999,0.002
GH,NG,0.3162800190489149,0.0005,0.0013
GH,US,0.37698709662788854,0.0001,0.4457
GI,CH,0.0488803932277444,0.7403,0.0699
GI,FI,0.06444565811032223,0.6705,0.0347
GI,GB,0.6436373566357182,0.002,0.0004
GI,IL,0.09803386127799017,0.5384,0.0052
GL,NO,0.5865384615384616,0.4135,-0.0
GM,IN,0.20836891545687447,0.6267,0.0377
GM,MA,0.6481639624252775,0.1238,0.0
GM,RW,0.14346712211784798,0.7336,0.0
GN,FR,0.4892929292929293,0.1332,0.0021
GN,JP,0.2412121212121212,0.4369,0.0
GP,BE,0.032094142818935543,0.8777,0.0645
GP,CA,0.169296603369885,0.4762,0.0033
GP,FR,0.36854774003744317,0.159,0.0098
GP,NO,0.11580636533832575,0.6112,0.001
GR,DE,0.0813795725080324,0.0201,0.422
GR,GB,0.09674073265272698,0.0093,0.3197
GR,MT,0.0006146890462007566,0.9721,0.0443
GR,NL,0.05909709458325498,0.0607,0.2405
GR,US,0.45755511475880534,0.0,0.3748
GT,MX,0.05646645955586239,0.3946,0.0398
GT,SV,0.061327810378552526,0.3633,0.0265
GT,US,0.6865435507996779,0.0,0.2289
GT,VN,0.017287999079507538,0.7565,0.0188
GY,RU,0.21920821114369501,0.7808,0.0577
HK,CN,0.46920244191266136,-0.0,0.0
HK,JP,0.04140537634857834,0.1019,0.0754
HK,TW,0.018814295522309076,0.3586,0.018
HK,US,0.30146229736799474,0.0,0.5242
HN,CL,0.07496699385798748,0.3925,0.0
HN,GT,0.021181332874117446,0.7734,0.0291
HN,MX,0.1206589748005281,0.2137,0.0008
HN,PE,0.02422363813787957,0.7451,0.0215
HN,PY,0.010332357499569485,0.8828,0.0
HN,US,0.617300958613168,0.0,0.2657
HR,DE,0.10726264829318265,0.012,0.3203
HR,GB,0.07803360761376028,0.0421,0.3989
HR,GR,0.008129275304847824,0.7274,0.018
HR,SI,0.008575394071577277,0.7147,0.0724
HR,US,0.4028080697928026,0.0,0.4216
HT,ES,0.7686635944700461,0.0535,0.0
HU,AT,0.017246695991421417,0.4118,0.0767
HU,DE,0.10395963767813197,0.0037,0.3318
HU,GB,0.07794933621408265,0.0159,0.3993
HU,US,0.5153815699685863,0.0,0.331
ID,DE,0.04665920433600687,0.0542,0.6102
ID,IN,0.144797268674763,0.0001,0.1034
ID,NL,0.05069335151224411,0.0419,0.2949
ID,PH,0.004926260390453827,0.7399,0.0838
ID,RU,0.045085381967530445,0.06,0.5602
ID,SG,0.08645643092995789,0.004,0.0083
ID,US,0.32190979557141536,0.0,0.5017
IE,GB,0.12496800938917381,0.0014,0.2288
IE,US,0.5460681707233204,-0.0,0.3098
IL,DE,0.06019653268369884,0.0188,0.5286
IL,GB,0.05582568362169574,0.0253,0.5185
IL,IN,0.04050967111009364,0.0709,0.5322
IL,US,0.6315646718939351,-0.0,0.2577
IM,CH,0.047416685305300826,0.7472,0.0758
IM,GB,0.537687318273317,0.0098,0.0016
IM,SV,0.10914784164616417,0.4998,0.0007
IN,CA,0.029259290649067314,0.0442,0.3801
IN,DE,0.05198607872138578,0.0037,0.5767
IN,GB,0.05205716144800982,0.0036,0.5421
IN,LK,0.00294364506754226,0.7338,0.0566
IN,US,0.6291808262546785,0.0,0.259
IQ,EG,0.01977787016689434,0.7411,0.0819
IQ,LB,0.053275524143255926,0.4399,0.0007
IQ,PS,0.007364732434519214,0.895,0.0791
IQ,TR,0.11183702559838452,0.1688,0.0
IQ,US,0.45025835956524324,0.0001,0.3807
IR,DE,0.23064285714285715,0.0001,0.0854
IR,FR,0.07162698412698412,0.0799,0.4129
IR,GB,0.0879920634920635,0.0436,0.3546
IR,NL,0.1287936507936508,0.0092,0.0436
IR,US,0.27825396825396825,0.0,0.5509
IS,GB,0.13319205465587045,0.0573,0.2075
IS,US,0.520021508097166,0.0,0.3277
IT,CH,0.03391952982879337,0.0701,0.159
IT,DE,0.1266516204230618,0.0,0.2605
IT,FR,0.03805485621773856,0.0504,0.6256
IT,GB,0.07886742820865095,0.0018,0.395
IT,NL,0.033534123146789434,0.0723,0.4465
IT,US,0.4407331208399621,0.0,0.3886
JE,PT,0.05058897770298696,0.6601,0.009
JE,SE,0.06089608750525873,0.6049,0.0021
JE,US,0.5929743374000841,0.0008,0.28
JM,PK,0.016315066037172057,0.906,0.0295
JM,US,0.8823880953803861,0.0,0.15
JO,CA,0.1522875604766698,0.0367,0.0059
JO,GB,0.1430658830405559,0.0456,0.1845
JO,KW,0.03217845894080592,0.5199,0.0015
JO,PS,0.009513913692892164,0.826,0.0328
JO,US,0.4070526349969153,0.0,0.4178
JP,CN,0.18580734762356055,0.0,0.0021
JP,HK,0.12467981639969437,0.0002,0.0052
JP,TW,0.0127717465605897,0.4337,0.0688
JP,US,0.4513050077359969,0.0,0.3799
KE,GB,0.06298316786076996,0.0651,0.4765
KE,IN,0.07433223634920723,0.039,0.3136
KE,LR,0.0009600923464545954,0.9605,0.0567
KE,NG,0.12307495934869112,0.004,0.0811
KE,SO,0.0008213506778917926,0.9661,0.0191
KE,TZ,0.012336909168604426,0.5937,0.0474
KE,US,0.4947638894284398,0.0,0.346
KG,CY,0.009060200581319228,0.8645,0.0128
KG,KZ,0.01835607111995601,0.7435,0.001
KG,LT,0.050852339678965144,0.4339,0.0
KG,PL,0.06797768991070727,0.3242,0.0031
KG,RU,0.4585613658383304,0.0001,0.0023
KG,US,0.19809369190080914,0.0292,0.6543
KH,CH,0.16841825196221896,0.0362,0.0001
KH,IL,0.06071571105494213,0.3239,0.0402
KH,TH,0.059465212185712386,0.3317,0.0
KH,US,0.4354396700811494,0.0,0.3931
KN,DE,1.0,,0.0
KR,CN,0.09421477346118398,0.0129,0.0475
KR,HK,0.061577922779372594,0.061,0.0779
KR,JP,0.06328101477621922,0.0563,0.0185
KR,US,0.49151786637737854,0.0,0.3484
KW,BE,0.02869401984446232,0.7695,0.0867
KW,ES,0.10977026906230446,0.3512,0.028
KW,IN,0.2982926611245195,0.0412,0.0089
KW,PK,0.04031465093411996,0.6905,0.0001
KW,US,0.44095825511754716,0.0053,0.3884
KY,US,0.9360030657214026,0.0041,0.1335
KZ,BY,0.019195277883769284,0.4977,0.0701
KZ,CY,0.011369211241502293,0.6626,0.0038
KZ,EE,0.007740408201406356,0.756,0.0551
KZ,GE,0.010053186104643466,0.6951,0.0396
KZ,KG,0.004571045889562909,0.8479,0.0011
KZ,MD,0.014927930102712258,0.5819,0.0227
KZ,RU,0.5765202426470015,0.0,0.0005
KZ,US,0.13839289190683476,0.0047,0.7436
KZ,UZ,0.005225164892498657,0.8281,0.0197
LA,KR,0.03119406801329583,0.8809,0.0143
LA,US,0.8540015341344924,0.0005,0.1594
LB,DE,0.12903418777854217,0.0724,0.2539
LB,DK,0.06254299644064248,0.2931,0.0896
LB,JO,0.023748990518350135,0.6334,0.049
LB,TR,0.03981096521401011,0.4621,0.0284
LB,US,0.39338378249035383,0.0001,0.4303
LC,RO,0.19717444717444718,0.8028,0.0
LI,CH,0.0828937452901281,0.8411,0.0105
LI,DE,0.4506405425772419,0.3018,0.0078
LK,EE,0.007050515405205308,0.8088,0.0719
LK,GE,0.010000569508514152,0.7397,0.0403
LK,IN,0.157412153311692,0.0059,0.0847
LK,NO,0.07179224329403724,0.107,0.0147
LK,SG,0.04613018964633521,0.2425,0.0811
LK,US,0.36571558744803234,0.0,0.4566
LR,KE,1.0,,0.0
LS,BW,0.774294670846395,0.2257,0.0
LS,ZA,0.22570532915360503,0.7743,0.0001
LT,BY,0.033748982224377215,0.2621,0.0085
LT,DE,0.10438947185450154,0.0136,0.3303
LT,GB,0.08244211258199384,0.0349,0.3786
LT,IL,0.05817559717126991,0.0966,0.0461
LT,LV,0.009134822106543955,0.6991,0.0058
LT,RU,0.06789135188048341,0.0644,0.4173
LT,US,0.4097404557805081,0.0,0.4154
LU,BE,0.11270838622323771,0.0277,0.0
LU,CH,0.05377845476855378,0.1905,0.0533
LU,DE,0.15871202504865872,0.0056,0.1849
LU,FR,0.12308538546162308,0.0194,0.2179
LU,GB,0.11702420242024203,0.0239,0.2514
LU,GR,0.0049716510112549715,0.8611,0.0893
LU,MD,0.01227045781501227,0.6905,0.0469
LU,US,0.2846111534230346,0.0,0.5435
LV,BY,0.027114253095635373,0.3717,0.0225
LV,CZ,0.05258189163080706,0.1431,0.0024
LV,DE,0.06993354995462663,0.0735,0.4766
LV,EE,0.013033869031937003,0.6236,0.0069
LV,FI,0.057075319809139075,0.1206,0.0515
LV,GB,0.08279909838704956,0.0445,0.3771
LV,LT,0.01594654723222388,0.5606,0.0036
LV,RU,0.11080618248880302,0.0146,0.2391
LV,TR,0.05950499107168994,0.1099,0.0046
LV,UA,0.050547407862767485,0.1545,0.0487
LV,US,0.2363440765785545,0.0001,0.6028
MA,AM,0.008703804588818082,0.7693,0.0809
MA,DE,0.10890524635441082,0.0315,0.3148
MA,FR,0.2335204165663681,0.0003,0.0546
MA,US,0.3796227084415502,0.0,0.4432
MC,FR,0.24391333482242572,0.3268,0.0479
MC,GB,0.35537190082644626,0.1727,0.0144
MC,RU,0.201250837614474,0.407,0.0732
MD,RO,0.0818706376183967,0.1402,0.0003
MD,UA,0.060665077963395306,0.2371,0.0262
MD,US,0.310825359575163,0.0002,0.5137
ME,EE,0.017317777145412414,0.6691,0.0012
ME,RS,0.05309158908898736,0.2852,0.0127
ME,RU,0.33033863165169314,0.0001,0.0132
ME,UA,0.046424651408593844,0.3351,0.0625
ME,US,0.3193829017439733,0.0001,0.5044
MG,FR,0.4637595757218621,0.0128,0.0029
MG,MU,0.011903358868591632,0.9196,0.0
MG,NL,0.2017678255745433,0.2065,0.0071
MK,GB,0.19062075727862424,0.0095,0.1047
MK,IL,0.0510257957459647,0.3159,0.0677
MK,SE,0.03450746718962136,0.4618,0.032
MK,SI,0.051138934982651985,0.3151,0.0
MK,US,0.39063207120229293,0.0,0.4328
ML,FR,0.31993503857084854,0.2139,0.0183
ML,GN,0.02253349573690621,0.9129,0.0045
ML,US,0.4598051157125457,0.0852,0.373
MM,JP,0.10523825296928974,0.4108,0.0011
MM,SG,0.43827189703307623,0.0099,0.0
MM,TW,0.02858089244309847,0.793,0.0018
MM,US,0.32409028533573087,0.0436,0.4993
MN,KR,0.18001380738695202,0.2493,0.0
MN,SE,0.03779772178115292,0.7636,0.0229
MN,US,0.6366931308249913,0.0008,0.2549
MO,CN,0.28129538193435955,0.099,0.0001
MO,HK,0.30729015393552134,0.0765,0.0
MO,SG,0.0938135347081034,0.5018,0.0055
MQ,US,0.7339816933638444,0.0708,0.2066
MR,FR,0.47465437788018433,0.5253,0.0025
MR,KE,0.5253456221198156,0.4747,0.0001
MT,DE,0.09833626648765353,0.0551,0.3523
MT,EE,0.009380046083785402,0.7681,0.0292
MT,MY,0.041366547526171596,0.3064,0.0065
MT,PF,0.00215904348930457,0.9413,0.0368
MT,SK,0.043815882577063335,0.2852,0.0
MT,US,0.5217809387303373,0.0,0.3264
MU,FR,0.2535090876372143,0.0401,0.0424
MU,RE,0.005353608061903905,0.9427,0.0181
MU,US,0.3978315637934137,0.0038,0.4262
MV,AR,0.08402555910543132,0.916,0.0184
MV,US,0.9159744408945687,0.084,0.1395
MW,CA,0.3067935958459541,0.111,0.0
MW,GB,0.22933794893985288,0.2095,0.0659
MW,KE,0.17135439203807876,0.3238,0.0549
MW,NG,0.1293812202509736,0.4355,0.0711
MW,TZ,0.049762007788836,0.7362,0.0
MX,AR,0.051526601776822285,0.0397,0.0884
MX,CO,0.04278405122325705,0.0694,0.0361
MX,IN,0.04093598181798383,0.0781,0.5287
MX,PE,0.016890856567724433,0.3538,0.073
MX,US,0.581357833216403,0.0,0.2871
MY,AM,0.008433734939759036,0.7126,0.0877
MY,ID,0.0186144578313253,0.4716,0.0019
MY,IE,0.022332185886402754,0.4052,0.0013
MY,IN,0.07805077452667813,0.0388,0.2958
MY,MV,0.0007013769363166954,0.9723,0.0627
MY,SG,0.12021514629948366,0.006,0.0012
MY,US,0.4151376936316695,0.0,0.4106
MZ,UG,0.15684077860243664,0.5054,0.0
MZ,ZA,0.7951267329505671,0.0018,-0.0
NC,CH,0.13320388349514564,0.6513,0.0006
NC,UA,0.04388349514563107,0.874,0.073
NC,US,0.7339805825242719,0.0188,0.2066
NG,AF,0.0006674090128318164,0.9524,0.0427
NG,BD,0.003333532385144178,0.7837,0.0493
NG,BJ,0.0013348180256636329,0.9071,0.0179
NG,CM,0.003842870842305301,0.755,0.0154
NG,DE,0.04891054260352743,0.0257,0.5958
NG,GB,0.07738431869834167,0.0028,0.402
NG,IN,0.10203630002494002,0.0004,0.203
NG,KE,0.03756107670637165,0.0611,0.5364
NG,MW,0.00042854683981832423,0.9692,0.0284
NG,US,0.4255364739025513,-0.0,0.4015
NI,ES,0.2728185328185328,0.0413,0.0001
NI,ID,0.02888030888030888,0.746,0.0
NI,PA,0.008185328185328185,0.9211,0.0001
NI,US,0.5627027027027027,0.0003,0.2989
NL,DE,0.1222719453682368,0.0,0.2729
NL,FR,0.04026352028604855,0.0238,0.6087
NL,GB,0.061377295579547186,0.0031,0.4856
NL,RU,0.04405959057107211,0.0166,0.5676
NL,SY,0.0009271690378769052,0.9191,0.0846
NL,US,0.45223730780034,-0.0,0.3791
NO,DE,0.11614064948678297,0.0044,0.2914
NO,GB,0.06034754150536742,0.0646,0.4916
NO,IE,0.012189552997830892,0.583,0.0298
NO,PL,0.03825689565106086,0.1797,0.0411
NO,SE,0.048516046897000266,0.1121,0.0076
NO,US,0.47558629899086347,0.0,0.3606
NP,DE,0.2915569398585694,0.0001,0.0442
NP,IN,0.20607028753993611,0.002,0.0391
NP,US,0.2535524750357587,0.0004,0.5809
NZ,AU,0.10378313356197713,0.0072,0.1188
NZ,DE,0.06241313936241859,0.055,0.5163
NZ,GB,0.06849776352106261,0.041,0.4465
NZ,US,0.5699868030224582,0.0,0.2943
OM,EG,0.035193611291670535,0.6989,0.0107
OM,IN,0.5532547126009844,0.0003,0.0001
OM,PK,0.018664685671835823,0.8283,0.0175
PA,CO,0.03195509927797834,0.5573,0.0853
PA,CR,0.0667023916967509,0.2886,0.0
PA,SI,0.012268727436823104,0.8008,0.0223
PA,US,0.5047664711191335,0.0,0.3386
PA,VE,0.21945509927797835,0.0116,0.0
PE,AR,0.1426927264958443,0.0213,0.001
PE,CL,0.034038124905239074,0.4207,0.0084
PE,CO,0.08860663533238687,0.0983,0.0008
PE,EC,0.009593251643671348,0.7859,0.0217
PE,MX,0.07125332524706758,0.1576,0.0165
PE,US,0.39115243070391864,0.0,0.4323
PF,FR,0.32617168932408025,0.2062,0.0169
PF,PL,0.029755680197737427,0.8862,0.0844
PF,US,0.5481509649206199,0.0417,0.3084
PH,GU,0.00043888377227252023,0.9787,0.0312
PH,IN,0.0654734791181096,0.0362,0.3602
PH,US,0.4628195622466859,0.0,0.3706
PH,VN,0.05281899701758527,0.07,0.0
PK,BD,0.003514743423730068,0.7788,0.0415
PK,DE,0.04941220540900514,0.0274,0.5926
PK,IN,0.06590606385733841,0.0079,0.3578
PK,US,0.5998742091827297,-0.0,0.2759
PL,DE,0.11026672046526512,0.0001,0.3102
PL,GB,0.08176128130770347,0.0012,0.3817
PL,RU,0.03279316095255321,0.0718,0.6563
PL,UA,0.0329740355508029,0.0707,0.141
PL,US,0.4833152127462926,-0.0,0.3546
PR,US,0.8725879682179342,0.0,0.1532
PS,EG,0.033943499567598734,0.6166,0.0126
PS,GB,0.16755549149610838,0.0767,0.1379
PS,IL,0.42465407898529833,0.0004,0.0
PS,IQ,0.01459354280772557,0.814,0.0505
PS,JO,0.102839434995676,0.2189,0.0
PT,DE,0.10015420771577296,0.0009,0.3455
PT,ES,0.039819837673050786,0.0684,0.2773
PT,FR,0.0364047572551219,0.0865,0.6385
PT,GB,0.09541734687693301,0.0013,0.3248
PT,US,0.423338178578884,-0.0,0.4034
PY,AR,0.07065041527343328,0.4806,0.0352
PY,NP,0.008035810592169129,0.9225,0.0023
PY,UA,0.06277639952540179,0.5229,0.023
PY,US,0.4778341063531442,0.0015,0.3588
QA,IN,0.27251804582069256,0.022,0.0135
QA,PH,0.012867454754681451,0.8561,0.0011
QA,US,0.41646615754786065,0.0016,0.4094
RE,FR,0.6709925621954347,0.0117,0.0002
RO,DE,0.14672640487131614,0.0001,0.2102
RO,GB,0.08497248887631301,0.0058,0.3675
RO,IN,0.04767153213420337,0.0588,0.4759
RO,US,0.4227890706763424,0.0,0.4039
RS,BA,0.02257978598398797,0.312,0.0
RS,DE,0.12171964842464787,0.0013,0.2746
RS,GB,0.05394582230090714,0.0591,0.5301
RS,HU,0.030021777617622637,0.2113,0.0453
RS,RU,0.09877324643176086,0.005,0.2796
RS,US,0.36243909317373524,0.0,0.4598
RU,BY,0.028271754928934,0.0952,0.019
RU,DE,0.09344911164972983,0.0003,0.3711
RU,GB,0.047061136368690124,0.0192,0.5749
RU,GE,0.007991008346793185,0.5179,0.0786
RU,IE,0.009783072323376074,0.4466,0.0607
RU,IN,0.02919558260778158,0.0881,0.6349
RU,UA,0.05307511305265414,0.0114,0.0417
RU,US,0.4057048886049798,-0.0,0.419
RW,NG,0.34071933204881183,0.0029,0.0007
RW,UG,0.050032113037893386,0.4874,0.0031
RW,US,0.3312138728323699,0.0036,0.4917
SA,BH,0.003905410946866884,0.9139,0.0005
SA,DZ,0.002538517115463475,0.9432,0.0253
SA,EG,0.13038214446115093,0.0402,0.0
SA,GB,0.1563531272578157,0.02,0.1575
SA,PK,0.01515299447384351,0.7039,0.0382
SA,PS,0.007615551346390424,0.8388,0.0717
SA,SD,0.005760481146628654,0.8756,0.0003
SA,US,0.44361562945460936,0.0,0.3862
SC,CN,0.1049875998897768,0.46,0.0332
SC,DE,0.33287406999173325,0.0588,0.0283
SC,HK,0.23780655828051805,0.1494,0.0
SC,RO,0.031413612565445025,0.7998,0.0512
SC,VE,0.07357398732433178,0.5857,0.005
SD,GB,0.3103448275862069,0.4756,0.0249
SD,NG,0.25760649087221094,0.5511,0.0046
SD,SA,0.43204868154158216,0.3226,0.0
SE,DE,0.10073536029170549,0.001,0.3434
SE,GB,0.07279500779487716,0.0074,0.4244
SE,NO,0.03834586029606018,0.0787,0.1081
SE,US,0.4862043738405665,-0.0,0.3524
SG,CN,0.1464154258402742,0.0001,0.0082
SG,HK,0.10863169335622297,0.0008,0.0104
SG,ID,0.031233409023908153,0.1398,0.0
SG,LK,0.0038621319152837143,0.7867,0.0209
SG,MM,0.0030153120076292935,0.8293,0.0056
SG,US,0.46565268116768815,-0.0,0.3683
SG,VN,0.018610252456536178,0.312,0.0137
SI,AT,0.018459255650171084,0.4926,0.0637
SI,DE,0.07403634269768677,0.0538,0.4563
SI,MK,0.002031957655552726,0.9256,0.0006
SI,SE,0.024516371931301007,0.3894,0.0881
SI,TH,0.014434097024593886,0.5755,0.0143
SI,US,0.6396237279502143,-0.0,0.2533
SK,AT,0.02156025662429345,0.4563,0.0397
SK,CZ,0.18690325709334032,0.0006,0.0
SK,DE,0.0974504519544945,0.0249,0.3556
SK,US,0.3949652984807651,0.0,0.4288
SL,DE,0.5115384615384615,0.4885,0.004
SL,NG,0.48846153846153845,0.5115,0.0
SM,IT,1.0,,-0.0
SN,BE,0.0870262390670554,0.4023,0.0005
SN,US,0.582871720116618,0.0002,0.2862
SR,HU,0.23487824037706206,0.7651,0.0
SV,BR,0.11426816157272308,0.2065,0.0002
SV,CA,0.12686223314391032,0.1714,0.0142
SV,GT,0.0433113193057902,0.5624,0.0001
SV,HN,0.018430348640761787,0.7852,0.0054
SV,MX,0.05503506885783034,0.4791,0.0433
SV,NI,0.012952439461424256,0.8441,0.0278
SV,US,0.5447191931602928,0.0,0.3107
SY,AE,0.22589631782945738,0.0463,0.0
SY,BR,0.0534156976744186,0.5175,0.0226
SY,LB,0.058502906976744186,0.4851,0.0003
SY,NL,0.10453003875968993,0.2658,0.0793
SY,QA,0.07013081395348837,0.4179,0.0001
TG,CI,0.35881104033970274,0.4111,0.0
TG,FR,0.33970276008492567,0.436,0.0142
TG,KE,0.30148619957537154,0.4879,0.0054
TH,DE,0.07977310721478716,0.0095,0.4293
TH,IN,0.047432327943203456,0.0658,0.4777
TH,KH,0.009495634208732805,0.5861,0.0001
TH,LK,0.004996897950202168,0.7554,0.0056
TH,NP,0.006084907534466371,0.7105,0.0115
TH,RU,0.08960798036692817,0.0052,0.315
TH,US,0.4027774806465711,0.0,0.4217
TH,VN,0.016454616858647384,0.3949,0.023
TJ,MD,0.038433111603843315,0.822,0.0
TJ,NL,0.1488051244148805,0.4468,0.0266
TJ,RU,0.573540280857354,0.0141,0.0005
TL,AU,1.0,,0.0
TM,NL,1.0,,0.0
TN,DE,0.14681450784939612,0.0259,0.21
TN,DZ,0.005170708032330926,0.8876,0.0001
TN,FR,0.2965970394429822,0.0003,0.0246
TN,US,0.2593754083366,0.001,0.5737
TO,AU,1.0,,0.0
TR,AZ,0.0018961284230406042,0.8673,0.0522
TR,DE,0.07842568460812087,0.0022,0.4355
TR,GB,0.06391992445703494,0.0071,0.4713
TR,IN,0.040058923512747875,0.0466,0.5359
TR,LA,0.0006798866855524079,0.9503,0.0013
TR,RU,0.10522530689329557,0.0002,0.2572
TR,UA,0.035975070821529745,0.0641,0.1177
TR,US,0.40222851746931065,-0.0,0.4222
TT,SV,0.08553832116788321,0.5848,0.0046
TT,US,0.8147810218978102,0.0,0.1735
TW,CN,0.18596148153208544,0.0002,0.0021
TW,HK,0.18275066038165505,0.0003,0.0004
TW,US,0.4037223322858314,0.0,0.4208
TZ,EG,0.027299300553293663,0.591,0.0306
TZ,KE,0.4901346695897275,0.0,0.0002
TZ,NP,0.005428541601419773,0.9017,0.0194
TZ,US,0.25963044159098025,0.0033,0.5734
UA,DE,0.08140497223210479,0.0014,0.4219
UA,GB,0.03711637788560283,0.0543,0.6464
UA,IL,0.04841151490836973,0.0219,0.0779
UA,IM,0.00031224689077793,0.9762,0.0539
UA,IN,0.03370689415902766,0.0713,0.5918
UA,MT,0.0006118777455648326,0.954,0.0451
UA,PL,0.036672293418718666,0.0563,0.047
UA,RU,0.11214457472604278,0.0001,0.235
UA,US,0.3739538152154441,0.0,0.4486
UG,GB,0.21092379281409718,0.0043,0.0821
UG,NG,0.11503547181325807,0.0602,0.0958
UG,US,0.3953009382866733,0.0,0.4285
US,AU,0.025397848657132314,0.0287,0.5964
US,CA,0.09229772017146434,0.0,0.046
US,CH,0.019462947189431656,0.0664,0.3497
US,CN,0.08400558979425274,0.0,0.0666
US,DE,0.10263470244190848,0.0,0.3365
US,FR,0.04088289841881719,0.0031,0.6041
US,GB,0.09257265384044369,0.0,0.3359
US,HK,0.049087835546723926,0.001,0.1317
US,IL,0.027384833559084425,0.0217,0.2384
US,IN,0.10243203705163229,0.0,0.2017
US,JP,0.022883645714713637,0.041,0.2427
US,NL,0.0303931315808974,0.0141,0.4817
US,PR,0.0012292153419271488,0.8439,0.001
US,RU,0.023022814519535084,0.0402,0.7442
UY,AR,0.2106250112693156,0.0003,0.0
UY,CL,0.03213107265853673,0.3294,0.0112
UY,SK,0.017057236102679993,0.5571,0.0092
UY,US,0.506800656324941,0.0,0.3371
UZ,BY,0.07843804271928097,0.1658,0.0
UZ,RU,0.47630386908491934,0.0,0.0018
UZ,UA,0.05211895511431794,0.308,0.0442
UZ,US,0.2333804809052334,0.0029,0.6066
VE,AR,0.1419465373381989,0.0087,0.001
VE,CL,0.04519301464388579,0.2384,0.0015
VE,CO,0.16046218289005956,0.0044,0.0
VE,EC,0.010778871253870073,0.7147,0.0127
VE,MX,0.1452651885627947,0.0077,0.0002
VE,PE,0.019419505844738387,0.5445,0.0482
VE,US,0.24037962132300864,0.0002,0.5976
VE,UY,0.015615198343372478,0.6139,0.0007
VN,DE,0.05290779731884372,0.0451,0.5711
VN,FR,0.05814149530099182,0.0329,0.488
VN,GB,0.0589049938101225,0.0314,0.5
VN,JP,0.058584661628058206,0.032,0.025
VN,PH,0.005568481240094992,0.7274,0.06
VN,RU,0.04936246670231265,0.0558,0.5301
VN,SG,0.055472863288005124,0.0387,0.0482
VN,TH,0.03170566048642321,0.1594,0.0001
VN,US,0.3415873061749447,0.0,0.4809
WS,DK,0.9392558845861807,0.0607,-0.0
XK,AL,0.46046253981443014,0.0072,0.0
XK,RS,0.168813183769561,0.2278,0.0
YE,EG,0.02057685543440028,0.8827,0.0739
YE,HU,0.0849454801266268,0.5871,0.0001
YE,SA,0.0833626450932114,0.5932,0.0286
YE,TR,0.12029546253957088,0.4635,0.0
YE,US,0.6238128737249384,0.0028,0.262
ZA,AZ,0.0031962117267310894,0.8386,0.0036
ZA,DE,0.049695194750272585,0.0606,0.5909
ZA,GB,0.08638114609075401,0.007,0.3614
ZA,TW,0.016363683439825777,0.4036,0.0312
ZA,US,0.5446620962660997,0.0,0.3107
ZM,GH,0.018849883895642672,0.8588,0.0428
ZM,IL,0.10722578882666302,0.4036,0.0031
ZM,NG,0.4013112962710012,0.0165,0.0002
ZM,US,0.33916131676000544,0.0364,0.4834
ZW,CA,0.08175762784701332,0.5504,0.0656
ZW,CH,0.06403094112591319,0.6293,0.0302
ZW,GB,0.2905027932960894,0.0905,0.0316
ZW,US,0.300709067468844,0.0818,0.525
ZW,ZA,0.18543188654920498,0.238,0.0006
